customer_id,customer_name,age,gender,city,email,purchase_amount,purchase_date,product_category,email_valid,gender_encoded,city_mumbai,city_nagpur,city_nashik,city_pune,category_clothing,category_electronics,category_grocery
C001,Rahul Sharma,25,Male,Pune,rahul@gmail.com,12500.0,2026-01-15,Electronics,True,1,0,0,0,1,0,1,0
C002,Priya Patil,28,Female,Mumbai,priya@gmail.com,8500.0,2026-01-15,Clothing,True,0,1,0,0,0,1,0,0
C003,Amit Deshmukh,31,Male,Pune,amit@gmail.com,7200.0,2026-02-10,Electronics,True,1,0,0,0,1,0,1,0
C004,Sneha Joshi,30,Female,Nashik,sneha@gmail.com,15000.0,2026-03-05,Grocery,True,0,0,0,1,0,0,0,1
C005,Rohan Kulkarni,42,Male,Nagpur,rohan@gmail.com,7200.0,2026-03-12,Clothing,True,1,0,1,0,0,1,0,0
C006,Neha Singh,29,Female,Pune,neha@gmail.com,9999.0,2026-03-12,Electronics,True,0,0,0,0,1,0,1,0
C007,Vikas More,30,Male,Mumbai,unknown,6800.0,2026-04-01,Grocery,False,1,1,0,0,0,0,0,1
C008,Anjali Shah,35,Female,Nashik,anjali@gmail.com,12000.0,2026-04-05,Clothing,True,0,0,0,1,0,1,0,0
C009,Karan Mehta,27,Male,Pune,karan@gmail.com,4500.0,2026-04-20,Electronics,True,1,0,0,0,1,0,1,0
C010,Pooja Nair,24,Female,Mumbai,pooja@gmail.com,15500.0,2026-05-01,Grocery,True,0,1,0,0,0,0,0,1
C011,Arjun Patil,39,Male,Nagpur,arjun@gmail.com,7200.0,2026-05-15,Clothing,True,1,0,1,0,0,1,0,0
C012,Meena Joshi,41,Female,Pune,unknown,8599.5,2026-06-10,Electronics,False,0,0,0,0,1,0,1,0
C013,Sagar Pawar,30,Male,Mumbai,sagar@gmail.com,9100.0,2026-06-10,Grocery,True,1,1,0,0,0,0,0,1
C014,Isha Kulkarni,33,Female,Nashik,isha@gmail.com,11000.0,2026-07-12,Electronics,True,0,0,0,1,0,0,1,0
C015,Ritesh More,26,Male,Pune,ritesh@gmail.com,5500.0,2026-07-13,Clothing,True,1,0,0,0,1,1,0,0
C017,Kavita Shah,30,Female,Mumbai,kavita@gmail.com,13000.0,2026-08-05,Grocery,True,0,1,0,0,0,0,0,1
C018,Omkar Jadhav,30,Male,Pune,unknown,8599.5,2026-08-20,Electronics,False,1,0,0,0,1,0,1,0
C019,Nikhil Patil,22,Female,Nagpur,nikhil@gmail.com,6750.0,2026-09-01,Clothing,True,0,0,1,0,0,1,0,0
C020,Snehal Rao,27,Female,Mumbai,snehal@gmail.com,10200.0,2026-09-10,Grocery,True,0,1,0,0,0,0,0,1
